ID_0,NAME_0,ID_1,NAME_1,SETTLEMENT,OCCUPANCY,TAXONOMY,BUILDINGS,TOTAL_AREA_SQM,TOTAL_REPL_COST_USD,COST_STRUCTURAL_USD,COST_NONSTRUCTURAL_USD,COST_CONTENTS_USD,TOTAL_REPL_EC_TON,EC_STRUCTURAL_TON,EC_NONSTRUCTURAL_TON
UKR,Ukraine,1,Cherkasy,Total,Com,CR/LFINF+CDL/H:1/COM,1002,251674,533037172,106607434,159911152,266518586,113257,65197,48060
UKR,Ukraine,1,Cherkasy,Total,Com,CR/LFINF+CDL/H:2/COM,200,76510,183152606,36630521,54945782,91576303,34463,19847,14616
UKR,Ukraine,1,Cherkasy,Total,Com,CR/LFINF+CDL/HBET:3-5/COM,362,210530,658402831,131680566,197520850,329201416,95100,54833,40267
UKR,Ukraine,1,Cherkasy,Total,Com,MUR+CB/LWAL+CDN/H:1/COM,73,17895,30977968,6195594,9293390,15488984,11005,9039,1965
UKR,Ukraine,1,Cherkasy,Total,Com,MUR+CB/LWAL+CDN/H:2/COM,14,5333,10334210,2066842,3100263,5167105,3282,2696,586
UKR,Ukraine,1,Cherkasy,Total,Com,MUR+CB/LWAL+CDN/HBET:3-5/COM,42,24313,61531484,12306297,18459445,30765742,14992,12321,2671
UKR,Ukraine,1,Cherkasy,Total,Com,MUR+CL/LWAL+CDN/H:1/COM,325,79792,138126440,27625288,41437932,69063220,42230,33516,8714
UKR,Ukraine,1,Cherkasy,Total,Com,MUR+CL/LWAL+CDN/H:2/COM,62,23778,46078950,9215790,13823685,23039475,12594,9997,2597
UKR,Ukraine,1,Cherkasy,Total,Com,MUR+CL/LWAL+CDN/HBET:3-5/COM,99,57554,145553616,29110723,43666085,72776808,30547,24260,6288
UKR,Ukraine,1,Cherkasy,Total,Com,MUR+STRUB/LWAL+CDN/H:1/COM,3051,749715,1297666837,259533368,389300050,648833419,396790,314915,81875
UKR,Ukraine,1,Cherkasy,Total,Com,MUR+STRUB/LWAL+CDN/H:2/COM,704,250180,502787973,100557595,150836392,251393987,132503,105179,27324
UKR,Ukraine,1,Cherkasy,Total,Com,MUR+STRUB/LWAL+CDN/HBET:3-5/COM,792,461479,1165430217,233086044,349629065,582715109,244931,194517,50414
UKR,Ukraine,1,Cherkasy,Total,Com,W/LFM+CDL/H:1/COM,13,3270,6266764,1253353,1880029,3133382,623,218,405
UKR,Ukraine,1,Cherkasy,Total,Com,W/LFM+CDL/H:2/COM,2,771,1492522,298504,447757,746261,147,51,96
UKR,Ukraine,2,Chernihiv,Total,Com,CR/LFINF+CDL/H:1/COM,1046,262945,556847865,111369573,167054360,278423933,118329,68117,50213
UKR,Ukraine,2,Chernihiv,Total,Com,CR/LFINF+CDL/H:2/COM,198,77365,183283593,36656719,54985078,91641796,34848,20069,14780
UKR,Ukraine,2,Chernihiv,Total,Com,CR/LFINF+CDL/HBET:3-5/COM,332,193379,605167652,121033530,181550296,302583826,87352,50366,36986
UKR,Ukraine,2,Chernihiv,Total,Com,MUR+CB/LWAL+CDN/H:1/COM,76,18653,32250676,6450135,9675203,16125338,11470,9422,2048
UKR,Ukraine,2,Chernihiv,Total,Com,MUR+CB/LWAL+CDN/H:2/COM,14,5392,10341560,2068312,3102468,5170780,3318,2726,592
UKR,Ukraine,2,Chernihiv,Total,Com,MUR+CB/LWAL+CDN/HBET:3-5/COM,38,22329,56549861,11309972,16964958,28274930,13769,11316,2453
UKR,Ukraine,2,Chernihiv,Total,Com,MUR+CL/LWAL+CDN/H:1/COM,338,83171,143801293,28760258,43140388,71900646,44019,34936,9083
UKR,Ukraine,2,Chernihiv,Total,Com,MUR+CL/LWAL+CDN/H:2/COM,62,24044,46111824,9222365,13833547,23055912,12734,10108,2626
UKR,Ukraine,2,Chernihiv,Total,Com,MUR+CL/LWAL+CDN/HBET:3-5/COM,91,52842,133736455,26747291,40120936,66868228,28046,22273,5773
UKR,Ukraine,2,Chernihiv,Total,Com,MUR+STRUB/LWAL+CDN/H:1/COM,3171,781489,1351043630,270208726,405313089,675521815,413606,328261,85345
UKR,Ukraine,2,Chernihiv,Total,Com,MUR+STRUB/LWAL+CDN/H:2/COM,688,250350,497230628,99446125,149169188,248615314,132593,105250,27343
UKR,Ukraine,2,Chernihiv,Total,Com,MUR+STRUB/LWAL+CDN/HBET:3-5/COM,727,423441,1070299838,214059967,321089951,535149919,224742,178483,46259
UKR,Ukraine,2,Chernihiv,Total,Com,W/LFM+CDL/H:1/COM,14,3417,6546699,1309340,1964010,3273349,651,227,424
UKR,Ukraine,2,Chernihiv,Total,Com,W/LFM+CDL/H:2/COM,2,796,1538447,307689,461534,769223,152,53,99
UKR,Ukraine,3,Chernivtsi,Total,Com,CR/LFINF+CDL/H:1/COM,786,196817,417078170,83415634,125123451,208539085,88571,50986,37585
UKR,Ukraine,3,Chernivtsi,Total,Com,CR/LFINF+CDL/H:2/COM,179,65034,159497810,31899562,47849343,79748905,29294,16870,12424
UKR,Ukraine,3,Chernivtsi,Total,Com,CR/LFINF+CDL/HBET:3-5/COM,377,219948,685244260,137048852,205573278,342622130,99354,57286,42068
UKR,Ukraine,3,Chernivtsi,Total,Com,MUR+CB/LWAL+CDN/H:1/COM,58,14081,24457900,4891580,7337370,12228950,8659,7113,1546
UKR,Ukraine,3,Chernivtsi,Total,Com,MUR+CB/LWAL+CDN/H:2/COM,12,4533,8999540,1799908,2699862,4499770,2789,2292,498
UKR,Ukraine,3,Chernivtsi,Total,Com,MUR+CB/LWAL+CDN/HBET:3-5/COM,44,25421,64081298,12816260,19224389,32040649,15676,12883,2793
UKR,Ukraine,3,Chernivtsi,Total,Com,MUR+CL/LWAL+CDN/H:1/COM,258,62784,109054323,21810865,32716297,54527162,33228,26372,6856
UKR,Ukraine,3,Chernivtsi,Total,Com,MUR+CL/LWAL+CDN/H:2/COM,56,20212,40127816,8025563,12038345,20063908,10705,8497,2207
UKR,Ukraine,3,Chernivtsi,Total,Com,MUR+CL/LWAL+CDN/HBET:3-5/COM,104,60283,151800220,30360044,45540066,75900109,31995,25410,6586
UKR,Ukraine,3,Chernivtsi,Total,Com,MUR+STRUB/LWAL+CDN/H:1/COM,2424,589842,1024396917,204879383,307319076,512198459,312176,247761,64415
UKR,Ukraine,3,Chernivtsi,Total,Com,MUR+STRUB/LWAL+CDN/H:2/COM,646,217788,449387695,89877540,134816309,224693847,115347,91561,23786
UKR,Ukraine,3,Chernivtsi,Total,Com,MUR+STRUB/LWAL+CDN/HBET:3-5/COM,830,484979,1218754496,243750899,365626349,609377248,257403,204422,52981
UKR,Ukraine,3,Chernivtsi,Total,Com,W/LFM+CDL/H:1/COM,10,2558,4903433,980686,1471030,2451716,487,170,317
UKR,Ukraine,3,Chernivtsi,Total,Com,W/LFM+CDL/H:2/COM,1,638,1245944,249189,373783,622972,122,42,79
UKR,Ukraine,5,Dnipropetrovs'k,Total,Com,CR/LFINF+CDL/H:1/COM,3871,972932,2060617799,412123559,618185338,1030308899,437835,252041,185794
UKR,Ukraine,5,Dnipropetrovs'k,Total,Com,CR/LFINF+CDL/H:2/COM,796,300865,724086422,144817285,217225926,362043211,135522,78045,57477
UKR,Ukraine,5,Dnipropetrovs'k,Total,Com,CR/LFINF+CDL/HBET:3-5/COM,1486,864457,2705001708,541000341,811500513,1352500854,390488,225149,165339
UKR,Ukraine,5,Dnipropetrovs'k,Total,Com,MUR+CB/LWAL+CDN/H:1/COM,283,69269,119982032,23996406,35994609,59991016,42596,34989,7607
UKR,Ukraine,5,Dnipropetrovs'k,Total,Com,MUR+CB/LWAL+CDN/H:2/COM,56,20971,40856041,8171208,12256813,20428020,12905,10602,2303
UKR,Ukraine,5,Dnipropetrovs'k,Total,Com,MUR+CB/LWAL+CDN/HBET:3-5/COM,171,99818,252772782,50554556,75831833,126386391,61552,50587,10965
UKR,Ukraine,5,Dnipropetrovs'k,Total,Com,MUR+CL/LWAL+CDN/H:1/COM,1260,308862,534983037,106996609,160494912,267491518,163466,129736,33730
UKR,Ukraine,5,Dnipropetrovs'k,Total,Com,MUR+CL/LWAL+CDN/H:2/COM,248,93505,182171288,36434258,54651385,91085643,49523,39311,10212
UKR,Ukraine,5,Dnipropetrovs'k,Total,Com,MUR+CL/LWAL+CDN/HBET:3-5/COM,405,236232,597811619,119562324,179343486,298905810,125381,99574,25807
UKR,Ukraine,5,Dnipropetrovs'k,Total,Com,MUR+STRUB/LWAL+CDN/H:1/COM,11829,2901966,5025941100,1005188220,1507782330,2512970550,1535877,1218959,316918
UKR,Ukraine,5,Dnipropetrovs'k,Total,Com,MUR+STRUB/LWAL+CDN/H:2/COM,2817,989224,2000023191,400004638,600006958,1000011595,523921,415881,108040
UKR,Ukraine,5,Dnipropetrovs'k,Total,Com,MUR+STRUB/LWAL+CDN/HBET:3-5/COM,3252,1893185,4784649870,956929974,1435394961,2392324933,1004811,797991,206820
UKR,Ukraine,5,Dnipropetrovs'k,Total,Com,W/LFM+CDL/H:1/COM,51,12642,24226011,4845202,7267803,12113005,2409,841,1568
UKR,Ukraine,5,Dnipropetrovs'k,Total,Com,W/LFM+CDL/H:2/COM,6,2977,5763519,1152704,1729056,2881759,568,198,369
UKR,Ukraine,6,Donets'k,Total,Com,CR/LFINF+CDL/H:1/COM,1596,401246,849785574,169957114,254935674,424892786,180567,103944,76623
UKR,Ukraine,6,Donets'k,Total,Com,CR/LFINF+CDL/H:2/COM,323,123121,295612223,59122444,88683666,147806110,55459,31938,23521
UKR,Ukraine,6,Donets'k,Total,Com,CR/LFINF+CDL/HBET:3-5/COM,595,346470,1084460394,216892078,325338117,542230199,156506,90239,66267
UKR,Ukraine,6,Donets'k,Total,Com,MUR+CB/LWAL+CDN/H:1/COM,117,28552,49438809,9887762,14831642,24719405,17558,14422,3135
UKR,Ukraine,6,Donets'k,Total,Com,MUR+CB/LWAL+CDN/H:2/COM,22,8582,16679706,3335941,5003912,8339854,5281,4338,943
UKR,Ukraine,6,Donets'k,Total,Com,MUR+CB/LWAL+CDN/HBET:3-5/COM,68,40005,101334102,20266820,30400230,50667052,24669,20274,4395
UKR,Ukraine,6,Donets'k,Total,Com,MUR+CL/LWAL+CDN/H:1/COM,518,127305,220440742,44088149,66132221,110220370,67377,53474,13903
UKR,Ukraine,6,Donets'k,Total,Com,MUR+CL/LWAL+CDN/H:2/COM,100,38263,74372461,14874492,22311738,37186230,20265,16086,4179
UKR,Ukraine,6,Donets'k,Total,Com,MUR+CL/LWAL+CDN/HBET:3-5/COM,162,94662,239631192,47926237,71889358,119815596,50242,39901,10341
UKR,Ukraine,6,Donets'k,Total,Com,MUR+STRUB/LWAL+CDN/H:1/COM,4872,1196131,2070973394,414194680,621292016,1035486696,633057,502430,130627
UKR,Ukraine,6,Donets'k,Total,Com,MUR+STRUB/LWAL+CDN/H:2/COM,1143,403863,814397533,162879507,244319262,407198767,213897,169789,44109
UKR,Ukraine,6,Donets'k,Total,Com,MUR+STRUB/LWAL+CDN/HBET:3-5/COM,1302,758440,1917521801,383504359,575256540,958760902,402544,319688,82856
UKR,Ukraine,6,Donets'k,Total,Com,W/LFM+CDL/H:1/COM,20,5214,9990633,1998127,2997190,4995317,993,347,646
UKR,Ukraine,6,Donets'k,Total,Com,W/LFM+CDL/H:2/COM,2,1223,2366210,473242,709863,1183105,233,81,152
UKR,Ukraine,7,Ivano-Frankivs'k,Total,Com,CR/LFINF+CDL/H:1/COM,1163,291843,618228139,123645628,185468442,309114070,131334,75603,55731
UKR,Ukraine,7,Ivano-Frankivs'k,Total,Com,CR/LFINF+CDL/H:2/COM,239,90280,217233780,43446756,65170134,108616890,40666,23419,17247
UKR,Ukraine,7,Ivano-Frankivs'k,Total,Com,CR/LFINF+CDL/HBET:3-5/COM,449,261414,815934371,163186874,244780311,407967185,118085,68086,49999
UKR,Ukraine,7,Ivano-Frankivs'k,Total,Com,MUR+CB/LWAL+CDN/H:1/COM,85,20776,35991974,7198395,10797592,17995987,12776,10495,2282
UKR,Ukraine,7,Ivano-Frankivs'k,Total,Com,MUR+CB/LWAL+CDN/H:2/COM,17,6293,12257239,2451448,3677172,6128619,3872,3181,691
UKR,Ukraine,7,Ivano-Frankivs'k,Total,Com,MUR+CB/LWAL+CDN/HBET:3-5/COM,52,30201,76279074,15255815,22883722,38139537,18624,15306,3318
UKR,Ukraine,7,Ivano-Frankivs'k,Total,Com,MUR+CL/LWAL+CDN/H:1/COM,378,92638,160483214,32096643,48144964,80241608,49029,38912,10117
UKR,Ukraine,7,Ivano-Frankivs'k,Total,Com,MUR+CL/LWAL+CDN/H:2/COM,74,28058,54653401,10930680,16396020,27326701,14860,11796,3064
UKR,Ukraine,7,Ivano-Frankivs'k,Total,Com,MUR+CL/LWAL+CDN/HBET:3-5/COM,123,71559,180570910,36114182,54171273,90285455,37980,30163,7817
UKR,Ukraine,7,Ivano-Frankivs'k,Total,Com,MUR+STRUB/LWAL+CDN/H:1/COM,3551,870390,1507652898,301530579,452295871,753826449,460657,365604,95054
UKR,Ukraine,7,Ivano-Frankivs'k,Total,Com,MUR+STRUB/LWAL+CDN/H:2/COM,845,296665,599608225,119921646,179882467,299804113,157122,124721,32401
UKR,Ukraine,7,Ivano-Frankivs'k,Total,Com,MUR+STRUB/LWAL+CDN/HBET:3-5/COM,985,574769,1447839354,289567871,434351806,723919677,305060,242269,62790
UKR,Ukraine,7,Ivano-Frankivs'k,Total,Com,W/LFM+CDL/H:1/COM,15,3792,7268322,1453664,2180496,3634161,722,252,470
UKR,Ukraine,7,Ivano-Frankivs'k,Total,Com,W/LFM+CDL/H:2/COM,2,912,1770911,354182,531273,885456,174,61,113
UKR,Ukraine,8,Kharkiv,Total,Com,CR/LFINF+CDL/H:1/COM,3324,835427,1769347070,353869414,530804121,884673535,375955,216420,159535
UKR,Ukraine,8,Kharkiv,Total,Com,CR/LFINF+CDL/H:2/COM,670,255496,612797466,122559494,183839240,306398733,115086,66276,48809
UKR,Ukraine,8,Kharkiv,Total,Com,CR/LFINF+CDL/HBET:3-5/COM,1226,713219,2231824168,446364834,669547251,1115912084,322172,185759,136413
UKR,Ukraine,8,Kharkiv,Total,Com,MUR+CB/LWAL+CDN/H:1/COM,242,59430,102898052,20579610,30869416,51449026,36546,30020,6526
UKR,Ukraine,8,Kharkiv,Total,Com,MUR+CB/LWAL+CDN/H:2/COM,46,17808,34576601,6915320,10372981,17288300,10958,9003,1956
UKR,Ukraine,8,Kharkiv,Total,Com,MUR+CB/LWAL+CDN/HBET:3-5/COM,141,82355,208555112,41711023,62566534,104277556,50783,41736,9047
UKR,Ukraine,8,Kharkiv,Total,Com,MUR+CL/LWAL+CDN/H:1/COM,1080,264991,458807901,91761580,137642370,229403950,140248,111309,28939
UKR,Ukraine,8,Kharkiv,Total,Com,MUR+CL/LWAL+CDN/H:2/COM,208,79404,154172352,30834470,46251706,77086176,42055,33382,8672
UKR,Ukraine,8,Kharkiv,Total,Com,MUR+CL/LWAL+CDN/HBET:3-5/COM,335,194900,493230560,98646112,147969168,246615280,103444,82152,21292
UKR,Ukraine,8,Kharkiv,Total,Com,MUR+STRUB/LWAL+CDN/H:1/COM,10138,2489811,4310373881,862074776,1293112164,2155186940,1317742,1045835,271907
UKR,Ukraine,8,Kharkiv,Total,Com,MUR+STRUB/LWAL+CDN/H:2/COM,2366,837153,1686122952,337224591,505836886,843061476,443380,351948,91431
UKR,Ukraine,8,Kharkiv,Total,Com,MUR+STRUB/LWAL+CDN/HBET:3-5/COM,2682,1561900,3947542453,789508490,1184262736,1973771227,828981,658352,170629
UKR,Ukraine,8,Kharkiv,Total,Com,W/LFM+CDL/H:1/COM,43,10856,20801611,4160322,6240483,10400806,2068,722,1346
UKR,Ukraine,8,Kharkiv,Total,Com,W/LFM+CDL/H:2/COM,5,2550,4934609,986922,1480383,2467305,486,170,316
UKR,Ukraine,9,Kherson,Total,Com,CR/LFINF+CDL/H:1/COM,1058,265666,562692652,112538531,168807796,281346327,119554,68822,50732
UKR,Ukraine,9,Kherson,Total,Com,CR/LFINF+CDL/H:2/COM,202,78580,186441781,37288356,55932534,93220890,35396,20384,15012
UKR,Ukraine,9,Kherson,Total,Com,CR/LFINF+CDL/HBET:3-5/COM,345,200720,626840719,125368144,188052215,313420360,90668,52278,38391
UKR,Ukraine,9,Kherson,Total,Com,MUR+CB/LWAL+CDN/H:1/COM,76,18852,32603250,6520650,9780975,16301625,11593,9522,2070
UKR,Ukraine,9,Kherson,Total,Com,MUR+CB/LWAL+CDN/H:2/COM,14,5477,10519808,2103961,3155942,5259904,3370,2769,602
UKR,Ukraine,9,Kherson,Total,Com,MUR+CB/LWAL+CDN/HBET:3-5/COM,40,23187,58595769,11719154,17578731,29297884,14298,11751,2547
UKR,Ukraine,9,Kherson,Total,Com,MUR+CL/LWAL+CDN/H:1/COM,342,84057,145373294,29074659,43611988,72686647,44488,35308,9180
UKR,Ukraine,9,Kherson,Total,Com,MUR+CL/LWAL+CDN/H:2/COM,63,24421,46906425,9381285,14071928,23453213,12934,10267,2667
UKR,Ukraine,9,Kherson,Total,Com,MUR+CL/LWAL+CDN/HBET:3-5/COM,94,54924,138681818,27736363,41604545,69340909,29151,23151,6000
UKR,Ukraine,9,Kherson,Total,Com,MUR+STRUB/LWAL+CDN/H:1/COM,3208,789801,1365791579,273158316,409737474,682895789,418005,331753,86253
UKR,Ukraine,9,Kherson,Total,Com,MUR+STRUB/LWAL+CDN/H:2/COM,702,254598,506498750,101299750,151949625,253249375,134843,107036,27807
UKR,Ukraine,9,Kherson,Total,Com,MUR+STRUB/LWAL+CDN/HBET:3-5/COM,756,440941,1111526011,222305202,333457804,555763005,234030,185860,48170
UKR,Ukraine,9,Kherson,Total,Com,W/LFM+CDL/H:1/COM,14,3452,6615385,1323077,1984616,3307692,658,230,428
UKR,Ukraine,9,Kherson,Total,Com,W/LFM+CDL/H:2/COM,2,817,1582621,316524,474786,791310,156,54,101
UKR,Ukraine,10,Khmel'nyts'kyy,Total,Com,CR/LFINF+CDL/H:1/COM,1243,312691,662156318,132431263,198646895,331078158,140716,81004,59712
UKR,Ukraine,10,Khmel'nyts'kyy,Total,Com,CR/LFINF+CDL/H:2/COM,211,86426,200408501,40081700,60122550,100204251,38930,22419,16511
UKR,Ukraine,10,Khmel'nyts'kyy,Total,Com,CR/LFINF+CDL/HBET:3-5/COM,298,173641,542871856,108574371,162861556,271435928,78436,45225,33211
UKR,Ukraine,10,Khmel'nyts'kyy,Total,Com,MUR+CB/LWAL+CDN/H:1/COM,89,22086,38104106,7620821,11431232,19052054,13581,11156,2425
UKR,Ukraine,10,Khmel'nyts'kyy,Total,Com,MUR+CB/LWAL+CDN/H:2/COM,15,6024,11307852,2261570,3392356,5653926,3707,3045,662
UKR,Ukraine,10,Khmel'nyts'kyy,Total,Com,MUR+CB/LWAL+CDN/HBET:3-5/COM,34,20054,50737032,10147406,15221110,25368516,12366,10163,2203
UKR,Ukraine,10,Khmel'nyts'kyy,Total,Com,MUR+CL/LWAL+CDN/H:1/COM,398,98477,169900943,33980188,50970283,84950471,52119,41365,10754
UKR,Ukraine,10,Khmel'nyts'kyy,Total,Com,MUR+CL/LWAL+CDN/H:2/COM,66,26860,50420100,10084020,15126030,25210050,14226,11292,2934
UKR,Ukraine,10,Khmel'nyts'kyy,Total,Com,MUR+CL/LWAL+CDN/HBET:3-5/COM,82,47479,120032928,24006586,36009878,60016464,25200,20013,5187
UKR,Ukraine,10,Khmel'nyts'kyy,Total,Com,MUR+STRUB/LWAL+CDN/H:1/COM,3735,925354,1596378681,319275736,478913604,798189340,489747,388691,101056
UKR,Ukraine,10,Khmel'nyts'kyy,Total,Com,MUR+STRUB/LWAL+CDN/H:2/COM,714,273636,529926782,105985356,158978034,264963391,144926,115040,29886
UKR,Ukraine,10,Khmel'nyts'kyy,Total,Com,MUR+STRUB/LWAL+CDN/HBET:3-5/COM,654,380801,961299661,192259932,288389898,480649830,202111,160510,41600
UKR,Ukraine,10,Khmel'nyts'kyy,Total,Com,W/LFM+CDL/H:1/COM,16,4063,7784754,1556951,2335426,3892377,774,270,504
UKR,Ukraine,10,Khmel'nyts'kyy,Total,Com,W/LFM+CDL/H:2/COM,2,941,1815032,363006,544510,907516,179,63,117
UKR,Ukraine,11,Kiev City,Total,Com,CR/LFINF+CDL/H:1/COM,4012,1006571,2132563794,426512758,639769138,1066281896,452973,260755,192217
UKR,Ukraine,11,Kiev City,Total,Com,CR/LFINF+CDL/H:2/COM,1262,412884,1068994114,213798823,320698234,534497057,185980,107103,78876
UKR,Ukraine,11,Kiev City,Total,Com,CR/LFINF+CDL/HBET:3-5/COM,3304,1919956,6018696054,1203739211,1805608816,3009348027,867272,500054,367218
UKR,Ukraine,11,Kiev City,Total,Com,MUR+CB/LWAL+CDN/H:1/COM,308,73420,128651004,25730201,38595301,64325502,45149,37086,8063
UKR,Ukraine,11,Kiev City,Total,Com,MUR+CB/LWAL+CDN/H:2/COM,88,28779,60317682,12063536,18095305,30158841,17709,14549,3161
UKR,Ukraine,11,Kiev City,Total,Com,MUR+CB/LWAL+CDN/HBET:3-5/COM,382,221611,562252865,112450573,168675860,281126433,136655,112310,24345
UKR,Ukraine,11,Kiev City,Total,Com,MUR+CL/LWAL+CDN/H:1/COM,1372,327371,573636595,114727318,172090979,286818297,173262,137511,35752
UKR,Ukraine,11,Kiev City,Total,Com,MUR+CL/LWAL+CDN/H:2/COM,392,128318,268947964,53789593,80684389,134473982,67961,53946,14015
UKR,Ukraine,11,Kiev City,Total,Com,MUR+CL/LWAL+CDN/HBET:3-5/COM,902,524030,1328840573,265768114,398652172,664420286,278130,220882,57247
UKR,Ukraine,11,Kiev City,Total,Com,MUR+STRUB/LWAL+CDN/H:1/COM,12884,3074987,5386848697,1077369739,1616054609,2693424349,1627449,1291636,335813
UKR,Ukraine,11,Kiev City,Total,Com,MUR+STRUB/LWAL+CDN/H:2/COM,4806,1462299,3187988551,637597710,956396566,1593994275,774475,614767,159708
UKR,Ukraine,11,Kiev City,Total,Com,MUR+STRUB/LWAL+CDN/HBET:3-5/COM,7209,4192825,10621707224,2124341445,3186512168,5310853612,2225350,1767306,458044
UKR,Ukraine,11,Kiev City,Total,Com,W/LFM+CDL/H:1/COM,52,13079,25071853,5014371,7521556,12535928,2492,870,1622
UKR,Ukraine,11,Kiev City,Total,Com,W/LFM+CDL/H:2/COM,7,3188,6206427,1241285,1861928,3103214,608,212,395
UKR,Ukraine,12,Kiev,Total,Com,CR/LFINF+CDL/H:1/COM,1750,439062,930161152,186032230,279048346,465080576,197585,113740,83844
UKR,Ukraine,12,Kiev,Total,Com,CR/LFINF+CDL/H:2/COM,415,148667,367260161,73452033,110178048,183630080,66966,38565,28401
UKR,Ukraine,12,Kiev,Total,Com,CR/LFINF+CDL/HBET:3-5/COM,898,522632,1633993084,326798616,490197926,816996542,236081,136120,99961
UKR,Ukraine,12,Kiev,Total,Com,MUR+CB/LWAL+CDN/H:1/COM,130,31479,54719414,10943883,16415824,27359707,19358,15901,3457
UKR,Ukraine,12,Kiev,Total,Com,MUR+CB/LWAL+CDN/H:2/COM,29,10362,20722487,4144497,6216746,10361244,6376,5238,1138
UKR,Ukraine,12,Kiev,Total,Com,MUR+CB/LWAL+CDN/HBET:3-5/COM,104,60359,152713083,30542617,45813925,76356542,37220,30589,6631
UKR,Ukraine,12,Kiev,Total,Com,MUR+CL/LWAL+CDN/H:1/COM,578,140360,243986178,48797235,73195854,121993089,74286,58958,15328
UKR,Ukraine,12,Kiev,Total,Com,MUR+CL/LWAL+CDN/H:2/COM,129,46203,92398405,18479681,27719522,46199203,24471,19424,5046
UKR,Ukraine,12,Kiev,Total,Com,MUR+CL/LWAL+CDN/HBET:3-5/COM,246,142904,361283384,72256677,108385016,180641692,75846,60235,15611
UKR,Ukraine,12,Kiev,Total,Com,MUR+STRUB/LWAL+CDN/H:1/COM,5423,1318662,2291840007,458368000,687552002,1145920004,697907,553898,144008
UKR,Ukraine,12,Kiev,Total,Com,MUR+STRUB/LWAL+CDN/H:2/COM,1510,501825,1043610107,208722021,313083032,521805054,265781,210973,54808
UKR,Ukraine,12,Kiev,Total,Com,MUR+STRUB/LWAL+CDN/HBET:3-5/COM,1967,1146108,2893338405,578667681,868001522,1446669202,608299,483093,125206
UKR,Ukraine,12,Kiev,Total,Com,W/LFM+CDL/H:1/COM,23,5705,10935582,2187116,3280674,5467791,1087,380,707
UKR,Ukraine,12,Kiev,Total,Com,W/LFM+CDL/H:2/COM,3,1382,2688271,537654,806481,1344135,263,92,171
UKR,Ukraine,13,Kirovohrad,Total,Com,CR/LFINF+CDL/H:1/COM,690,173224,366937886,73387577,110081366,183468944,77954,44874,33079
UKR,Ukraine,13,Kirovohrad,Total,Com,CR/LFINF+CDL/H:2/COM,143,53936,130048258,26009652,39014477,65024129,24295,13991,10304
UKR,Ukraine,13,Kirovohrad,Total,Com,CR/LFINF+CDL/HBET:3-5/COM,272,158451,494901263,98980252,148470379,247450631,71575,41269,30306
UKR,Ukraine,13,Kirovohrad,Total,Com,MUR+CB/LWAL+CDN/H:1/COM,50,12338,21378677,4275735,6413603,10689339,7587,6232,1355
UKR,Ukraine,13,Kirovohrad,Total,Com,MUR+CB/LWAL+CDN/H:2/COM,10,3759,7337890,1467578,2201367,3668945,2313,1900,413
UKR,Ukraine,13,Kirovohrad,Total,Com,MUR+CB/LWAL+CDN/HBET:3-5/COM,32,18303,46261268,9252254,13878380,23130634,11287,9276,2011
UKR,Ukraine,13,Kirovohrad,Total,Com,MUR+CL/LWAL+CDN/H:1/COM,224,55014,95324381,19064876,28597314,47662191,29116,23108,6008
UKR,Ukraine,13,Kirovohrad,Total,Com,MUR+CL/LWAL+CDN/H:2/COM,44,16762,32718577,6543715,9815573,16359288,8878,7047,1831
UKR,Ukraine,13,Kirovohrad,Total,Com,MUR+CL/LWAL+CDN/HBET:3-5/COM,74,43354,109483724,21896745,32845117,54741862,23010,18274,4736
UKR,Ukraine,13,Kirovohrad,Total,Com,MUR+STRUB/LWAL+CDN/H:1/COM,2110,516887,895515909,179103182,268654772,447757954,273565,217116,56448
UKR,Ukraine,13,Kirovohrad,Total,Com,MUR+STRUB/LWAL+CDN/H:2/COM,508,177622,359835638,71967128,107950692,179917819,94074,74674,19399
UKR,Ukraine,13,Kirovohrad,Total,Com,MUR+STRUB/LWAL+CDN/HBET:3-5/COM,597,348013,877423088,175484617,263226926,438711544,184708,146690,38019
UKR,Ukraine,13,Kirovohrad,Total,Com,W/LFM+CDL/H:1/COM,9,2251,4313956,862791,1294187,2156978,429,150,279
UKR,Ukraine,13,Kirovohrad,Total,Com,W/LFM+CDL/H:2/COM,1,539,1046391,209278,313917,523196,103,36,67
UKR,Ukraine,14,L'viv,Total,Com,CR/LFINF+CDL/H:1/COM,2136,535159,1134086141,226817228,340225843,567043070,240830,138635,102195
UKR,Ukraine,14,L'viv,Total,Com,CR/LFINF+CDL/H:2/COM,482,175715,430147096,86029419,129044129,215073548,79149,45581,33568
UKR,Ukraine,14,L'viv,Total,Com,CR/LFINF+CDL/HBET:3-5/COM,1007,587223,1828686048,365737209,548605815,914343024,265257,152943,112315
UKR,Ukraine,14,L'viv,Total,Com,MUR+CB/LWAL+CDN/H:1/COM,157,38266,66453026,13290605,19935908,33226513,23531,19329,4202
UKR,Ukraine,14,L'viv,Total,Com,MUR+CB/LWAL+CDN/H:2/COM,33,12247,24270756,4854151,7281227,12135378,7537,6192,1345
UKR,Ukraine,14,L'viv,Total,Com,MUR+CB/LWAL+CDN/HBET:3-5/COM,116,67875,171024141,34204828,51307243,85512070,41855,34398,7456
UKR,Ukraine,14,L'viv,Total,Com,MUR+CL/LWAL+CDN/H:1/COM,701,170623,296304522,59260904,88891357,148152261,90303,71669,18633
UKR,Ukraine,14,L'viv,Total,Com,MUR+CL/LWAL+CDN/H:2/COM,150,54610,108219942,21643988,32465983,54109971,28923,22959,5964
UKR,Ukraine,14,L'viv,Total,Com,MUR+CL/LWAL+CDN/HBET:3-5/COM,276,160992,405199966,81039993,121559990,202599983,85447,67859,17588
UKR,Ukraine,14,L'viv,Total,Com,MUR+STRUB/LWAL+CDN/H:1/COM,6583,1602989,2783342836,556668568,835002850,1391671418,848388,673329,175059
UKR,Ukraine,14,L'viv,Total,Com,MUR+STRUB/LWAL+CDN/H:2/COM,1736,587296,1209424679,241884936,362827404,604712340,311049,246906,64143
UKR,Ukraine,14,L'viv,Total,Com,MUR+STRUB/LWAL+CDN/HBET:3-5/COM,2218,1295691,3254238394,650847679,976271518,1627119197,687690,546143,141547
UKR,Ukraine,14,L'viv,Total,Com,W/LFM+CDL/H:1/COM,28,6954,13333083,2666616,3999925,6666542,1325,463,862
UKR,Ukraine,14,L'viv,Total,Com,W/LFM+CDL/H:2/COM,4,1737,3395962,679192,1018788,1697981,331,116,215
UKR,Ukraine,15,Luhans'k,Total,Com,CR/LFINF+CDL/H:1/COM,732,183880,389530464,77906094,116859138,194765232,82749,47635,35114
UKR,Ukraine,15,Luhans'k,Total,Com,CR/LFINF+CDL/H:2/COM,122,50263,116001557,23200312,34800468,58000778,22640,13038,9602
UKR,Ukraine,15,Luhans'k,Total,Com,CR/LFINF+CDL/HBET:3-5/COM,169,98647,305783533,61156706,91735060,152891767,44561,25693,18868
UKR,Ukraine,15,Luhans'k,Total,Com,MUR+CB/LWAL+CDN/H:1/COM,53,12975,22382982,4476596,6714895,11191490,7979,6554,1425
UKR,Ukraine,15,Luhans'k,Total,Com,MUR+CB/LWAL+CDN/H:2/COM,8,3503,6545245,1309049,1963574,3272623,2156,1771,385
UKR,Ukraine,15,Luhans'k,Total,Com,MUR+CB/LWAL+CDN/HBET:3-5/COM,20,11413,28620449,5724090,8586134,14310224,7038,5784,1254
UKR,Ukraine,15,Luhans'k,Total,Com,MUR+CL/LWAL+CDN/H:1/COM,234,57852,99802582,19960517,29940774,49901291,30618,24301,6318
UKR,Ukraine,15,Luhans'k,Total,Com,MUR+CL/LWAL+CDN/H:2/COM,38,15621,29184474,5836895,8755343,14592236,8273,6567,1706
UKR,Ukraine,15,Luhans'k,Total,Com,MUR+CL/LWAL+CDN/HBET:3-5/COM,46,27128,67926173,13585234,20377851,33963086,14398,11435,2964
UKR,Ukraine,15,Luhans'k,Total,Com,MUR+STRUB/LWAL+CDN/H:1/COM,2196,543619,937728223,187545644,281318466,468864113,287713,228345,59368
UKR,Ukraine,15,Luhans'k,Total,Com,MUR+STRUB/LWAL+CDN/H:2/COM,408,158236,304604483,60920897,91381344,152302242,83806,66524,17282
UKR,Ukraine,15,Luhans'k,Total,Com,MUR+STRUB/LWAL+CDN/HBET:3-5/COM,374,219217,547329005,109465800,164198701,273664502,116350,92401,23948
UKR,Ukraine,15,Luhans'k,Total,Com,W/LFM+CDL/H:1/COM,10,2389,4579585,915917,1373876,2289792,455,159,296
UKR,Ukraine,15,Luhans'k,Total,Com,W/LFM+CDL/H:2/COM,1,575,1117987,223597,335396,558994,110,38,71
UKR,Ukraine,16,Mykolayiv,Total,Com,CR/LFINF+CDL/H:1/COM,1068,268059,567820725,113564145,170346217,283910363,120631,69442,51189
UKR,Ukraine,16,Mykolayiv,Total,Com,CR/LFINF+CDL/H:2/COM,198,78048,184179763,36835953,55253929,92089882,35156,20246,14910
UKR,Ukraine,16,Mykolayiv,Total,Com,CR/LFINF+CDL/HBET:3-5/COM,328,191024,595182502,119036500,178554750,297591251,86289,49752,36536
UKR,Ukraine,16,Mykolayiv,Total,Com,MUR+CB/LWAL+CDN/H:1/COM,77,18998,32842002,6568400,9852600,16421001,11683,9597,2086
UKR,Ukraine,16,Mykolayiv,Total,Com,MUR+CB/LWAL+CDN/H:2/COM,14,5440,10392168,2078434,3117650,5196084,3347,2750,597
UKR,Ukraine,16,Mykolayiv,Total,Com,MUR+CB/LWAL+CDN/HBET:3-5/COM,38,22077,55658232,11131646,16697470,27829116,13614,11189,2425
UKR,Ukraine,16,Mykolayiv,Total,Com,MUR+CL/LWAL+CDN/H:1/COM,344,84712,146437893,29287579,43931368,73218946,44834,35583,9251
UKR,Ukraine,16,Mykolayiv,Total,Com,MUR+CL/LWAL+CDN/H:2/COM,62,24256,46337275,9267455,13901182,23168638,12847,10198,2649
UKR,Ukraine,16,Mykolayiv,Total,Com,MUR+CL/LWAL+CDN/HBET:3-5/COM,90,52353,131843269,26368654,39552981,65921634,27786,22067,5719
UKR,Ukraine,16,Mykolayiv,Total,Com,MUR+STRUB/LWAL+CDN/H:1/COM,3230,795963,1375810306,275162061,412743092,687905153,421267,334341,86926
UKR,Ukraine,16,Mykolayiv,Total,Com,MUR+STRUB/LWAL+CDN/H:2/COM,685,251419,497021660,99404332,149106498,248510830,133159,105699,27459
UKR,Ukraine,16,Mykolayiv,Total,Com,MUR+STRUB/LWAL+CDN/HBET:3-5/COM,721,421152,1058466382,211693276,317539914,529233191,223527,177519,46009
UKR,Ukraine,16,Mykolayiv,Total,Com,W/LFM+CDL/H:1/COM,14,3483,6675695,1335139,2002708,3337847,664,232,432
UKR,Ukraine,16,Mykolayiv,Total,Com,W/LFM+CDL/H:2/COM,2,833,1617713,323542,485314,808856,159,56,103
UKR,Ukraine,17,Odessa,Total,Com,CR/LFINF+CDL/H:1/COM,2610,654577,1386848254,277369651,416054476,693424127,294570,169570,125000
UKR,Ukraine,17,Odessa,Total,Com,CR/LFINF+CDL/H:2/COM,584,213569,522027001,104405400,156608101,261013501,96200,55400,40800
UKR,Ukraine,17,Odessa,Total,Com,CR/LFINF+CDL/HBET:3-5/COM,1202,700245,2185264146,437052829,655579243,1092632073,316311,182380,133932
UKR,Ukraine,17,Odessa,Total,Com,MUR+CB/LWAL+CDN/H:1/COM,192,46788,81220101,16244020,24366030,40610050,28771,23634,5138
UKR,Ukraine,17,Odessa,Total,Com,MUR+CB/LWAL+CDN/H:2/COM,40,14886,29455016,5891003,8836505,14727508,9160,7525,1635
UKR,Ukraine,17,Odessa,Total,Com,MUR+CB/LWAL+CDN/HBET:3-5/COM,139,80903,204298832,40859766,61289650,102149416,49888,41001,8887
UKR,Ukraine,17,Odessa,Total,Com,MUR+CL/LWAL+CDN/H:1/COM,856,208619,362149040,72429808,108644712,181074520,110412,87630,22783
UKR,Ukraine,17,Odessa,Total,Com,MUR+CL/LWAL+CDN/H:2/COM,181,66374,131335837,26267167,39400751,65667918,35154,27904,7249
UKR,Ukraine,17,Odessa,Total,Com,MUR+CL/LWAL+CDN/HBET:3-5/COM,329,191705,483654955,96730991,145096487,241827478,101748,80805,20943
UKR,Ukraine,17,Odessa,Total,Com,MUR+STRUB/LWAL+CDN/H:1/COM,8038,1959993,3401929534,680385907,1020578860,1700964768,1037334,823287,214047
UKR,Ukraine,17,Odessa,Total,Com,MUR+STRUB/LWAL+CDN/H:2/COM,2100,712992,1466027943,293205588,439808383,733013971,377621,299750,77871
UKR,Ukraine,17,Odessa,Total,Com,MUR+STRUB/LWAL+CDN/HBET:3-5/COM,2640,1540017,3878463257,775692651,1163538977,1939231628,817367,649128,168239
UKR,Ukraine,17,Odessa,Total,Com,W/LFM+CDL/H:1/COM,34,8506,16304731,3260946,4891419,8152365,1620,566,1055
UKR,Ukraine,17,Odessa,Total,Com,W/LFM+CDL/H:2/COM,4,2078,4048371,809674,1214511,2024186,396,138,258
UKR,Ukraine,18,Poltava,Total,Com,CR/LFINF+CDL/H:1/COM,1302,326864,692367369,138473474,207710211,346183685,147094,84675,62419
UKR,Ukraine,18,Poltava,Total,Com,CR/LFINF+CDL/H:2/COM,244,95618,226005243,45201049,67801573,113002621,43070,24804,18267
UKR,Ukraine,18,Poltava,Total,Com,CR/LFINF+CDL/HBET:3-5/COM,407,237137,739324383,147864877,221797315,369662191,107118,61762,45356
UKR,Ukraine,18,Poltava,Total,Com,MUR+CB/LWAL+CDN/H:1/COM,94,23174,40066500,8013300,12019950,20033250,14251,11706,2545
UKR,Ukraine,18,Poltava,Total,Com,MUR+CB/LWAL+CDN/H:2/COM,17,6665,12752170,2550434,3825651,6376085,4101,3369,732
UKR,Ukraine,18,Poltava,Total,Com,MUR+CB/LWAL+CDN/HBET:3-5/COM,47,27403,69130265,13826053,20739080,34565133,16898,13888,3010
UKR,Ukraine,18,Poltava,Total,Com,MUR+CL/LWAL+CDN/H:1/COM,419,103332,178650932,35730186,53595279,89325466,54689,43404,11285
UKR,Ukraine,18,Poltava,Total,Com,MUR+CL/LWAL+CDN/H:2/COM,76,29716,56859994,11371999,17057998,28429997,15739,12493,3246
UKR,Ukraine,18,Poltava,Total,Com,MUR+CL/LWAL+CDN/HBET:3-5/COM,112,64963,163716931,32743386,49115079,81858465,34479,27382,7097
UKR,Ukraine,18,Poltava,Total,Com,MUR+STRUB/LWAL+CDN/H:1/COM,3941,970916,1678450857,335690172,503535257,839225429,513861,407829,106032
UKR,Ukraine,18,Poltava,Total,Com,MUR+STRUB/LWAL+CDN/H:2/COM,844,308543,611104447,122220890,183331334,305552224,163413,129715,33698
UKR,Ukraine,18,Poltava,Total,Com,MUR+STRUB/LWAL+CDN/HBET:3-5/COM,895,522304,1313761446,262752289,394128434,656880723,277214,220155,57059
UKR,Ukraine,18,Poltava,Total,Com,W/LFM+CDL/H:1/COM,17,4247,8139943,1627989,2441983,4069972,809,283,527
UKR,Ukraine,18,Poltava,Total,Com,W/LFM+CDL/H:2/COM,2,1014,1966323,393265,589897,983162,193,68,126
UKR,Ukraine,19,Rivne,Total,Com,CR/LFINF+CDL/H:1/COM,1344,337282,714473451,142894690,214342036,357236726,151782,87374,64408
UKR,Ukraine,19,Rivne,Total,Com,CR/LFINF+CDL/H:2/COM,240,96116,225153127,45030625,67545938,112576563,43294,24933,18362
UKR,Ukraine,19,Rivne,Total,Com,CR/LFINF+CDL/HBET:3-5/COM,377,219775,683695276,136739055,205108583,341847638,99276,57241,42035
UKR,Ukraine,19,Rivne,Total,Com,MUR+CB/LWAL+CDN/H:1/COM,97,23868,41230425,8246085,12369128,20615212,14678,12056,2621
UKR,Ukraine,19,Rivne,Total,Com,MUR+CB/LWAL+CDN/H:2/COM,17,6699,12704070,2540814,3811221,6352035,4123,3387,736
UKR,Ukraine,19,Rivne,Total,Com,MUR+CB/LWAL+CDN/HBET:3-5/COM,44,25409,63952622,12790524,19185787,31976311,15668,12877,2791
UKR,Ukraine,19,Rivne,Total,Com,MUR+CL/LWAL+CDN/H:1/COM,432,106425,183840578,36768115,55152173,91920288,56326,44703,11622
UKR,Ukraine,19,Rivne,Total,Com,MUR+CL/LWAL+CDN/H:2/COM,75,29872,56645608,11329122,16993682,28322804,15821,12558,3262
UKR,Ukraine,19,Rivne,Total,Com,MUR+CL/LWAL+CDN/HBET:3-5/COM,103,60295,151578707,30315741,45473612,75789353,32002,25415,6587
UKR,Ukraine,19,Rivne,Total,Com,MUR+STRUB/LWAL+CDN/H:1/COM,4052,999988,1727255880,345451176,518176764,863627940,529247,420041,109207
UKR,Ukraine,19,Rivne,Total,Com,MUR+STRUB/LWAL+CDN/H:2/COM,823,307274,602203362,120440672,180661009,301101681,162741,129181,33560
UKR,Ukraine,19,Rivne,Total,Com,MUR+STRUB/LWAL+CDN/HBET:3-5/COM,831,485707,1218262251,243652450,365478676,609131126,257790,204729,53061
UKR,Ukraine,19,Rivne,Total,Com,W/LFM+CDL/H:1/COM,18,4383,8399841,1679968,2519952,4199920,835,292,543
UKR,Ukraine,19,Rivne,Total,Com,W/LFM+CDL/H:2/COM,2,1052,2042015,408403,612604,1021007,200,70,130
UKR,Ukraine,21,Sumy,Total,Com,CR/LFINF+CDL/H:1/COM,1045,262806,556500510,111300102,166950153,278250255,118267,68081,50186
UKR,Ukraine,21,Sumy,Total,Com,CR/LFINF+CDL/H:2/COM,210,80342,192726982,38545396,57818095,96363491,36189,20841,15348
UKR,Ukraine,21,Sumy,Total,Com,CR/LFINF+CDL/HBET:3-5/COM,384,222658,698361327,139672265,209508398,349180664,100578,57991,42586
UKR,Ukraine,21,Sumy,Total,Com,MUR+CB/LWAL+CDN/H:1/COM,76,18696,32367546,6473509,9710264,16183773,11497,9444,2053
UKR,Ukraine,21,Sumy,Total,Com,MUR+CB/LWAL+CDN/H:2/COM,15,5600,10874450,2174890,3262335,5437225,3446,2831,615
UKR,Ukraine,21,Sumy,Total,Com,MUR+CB/LWAL+CDN/HBET:3-5/COM,44,25698,65233479,13046696,19570043,32616739,15846,13023,2823
UKR,Ukraine,21,Sumy,Total,Com,MUR+CL/LWAL+CDN/H:1/COM,340,83366,144322426,28864485,43296728,72161213,44122,35018,9104
UKR,Ukraine,21,Sumy,Total,Com,MUR+CL/LWAL+CDN/H:2/COM,66,24969,48487793,9697558,14546338,24243897,13224,10497,2727
UKR,Ukraine,21,Sumy,Total,Com,MUR+CL/LWAL+CDN/HBET:3-5/COM,104,60750,154143528,30828706,46243058,77071763,32243,25606,6637
UKR,Ukraine,21,Sumy,Total,Com,MUR+STRUB/LWAL+CDN/H:1/COM,3187,783304,1355884663,271176932,406765399,677942331,414566,329023,85543
UKR,Ukraine,21,Sumy,Total,Com,MUR+STRUB/LWAL+CDN/H:2/COM,744,263376,530607212,106121442,159182163,265303606,139492,110726,28765
UKR,Ukraine,21,Sumy,Total,Com,MUR+STRUB/LWAL+CDN/HBET:3-5/COM,836,485836,1231631877,246326376,369489563,615815938,257858,204783,53075
UKR,Ukraine,21,Sumy,Total,Com,W/LFM+CDL/H:1/COM,14,3415,6542615,1308523,1962784,3271308,651,227,423
UKR,Ukraine,21,Sumy,Total,Com,W/LFM+CDL/H:2/COM,2,788,1519429,303886,455829,759715,150,52,98
UKR,Ukraine,22,Ternopil',Total,Com,CR/LFINF+CDL/H:1/COM,759,190398,403375005,80675001,121012502,201687503,85682,49323,36359
UKR,Ukraine,22,Ternopil',Total,Com,CR/LFINF+CDL/H:2/COM,163,60518,146802719,29360544,44040816,73401360,27260,15699,11561
UKR,Ukraine,22,Ternopil',Total,Com,CR/LFINF+CDL/HBET:3-5/COM,322,187364,584563030,116912606,175368909,292281515,84635,48799,35836
UKR,Ukraine,22,Ternopil',Total,Com,MUR+CB/LWAL+CDN/H:1/COM,56,13582,23553334,4710667,7066000,11776667,8352,6860,1491
UKR,Ukraine,22,Ternopil',Total,Com,MUR+CB/LWAL+CDN/H:2/COM,11,4218,8283256,1656651,2484977,4141628,2596,2132,463
UKR,Ukraine,22,Ternopil',Total,Com,MUR+CB/LWAL+CDN/HBET:3-5/COM,37,21648,54652758,10930552,16395827,27326379,13349,10971,2378
UKR,Ukraine,22,Ternopil',Total,Com,MUR+CL/LWAL+CDN/H:1/COM,248,60559,105020945,21004189,31506284,52510473,32051,25438,6614
UKR,Ukraine,22,Ternopil',Total,Com,MUR+CL/LWAL+CDN/H:2/COM,51,18808,36933828,7386766,11080148,18466914,9961,7907,2054
UKR,Ukraine,22,Ternopil',Total,Com,MUR+CL/LWAL+CDN/HBET:3-5/COM,88,51303,129396458,25879291,38818937,64698229,27229,21625,5605
UKR,Ukraine,22,Ternopil',Total,Com,MUR+STRUB/LWAL+CDN/H:1/COM,2328,568970,986574499,197314900,295972350,493287250,301130,238994,62136
UKR,Ukraine,22,Ternopil',Total,Com,MUR+STRUB/LWAL+CDN/H:2/COM,581,200483,408832001,81766400,122649600,204416000,106181,84285,21896
UKR,Ukraine,22,Ternopil',Total,Com,MUR+STRUB/LWAL+CDN/HBET:3-5/COM,706,412222,1037825645,207565129,311347694,518912822,218788,173755,45033
UKR,Ukraine,22,Ternopil',Total,Com,W/LFM+CDL/H:1/COM,10,2474,4742346,948469,1422704,2371173,471,165,307
UKR,Ukraine,22,Ternopil',Total,Com,W/LFM+CDL/H:2/COM,1,601,1170448,234090,351134,585224,115,40,75
UKR,Ukraine,23,Transcarpathia,Total,Com,CR/LFINF+CDL/H:1/COM,1003,250762,531599031,106319806,159479708,265799515,112847,64961,47886
UKR,Ukraine,23,Transcarpathia,Total,Com,CR/LFINF+CDL/H:2/COM,249,87630,218136872,43627374,65441062,109068436,39472,22732,16741
UKR,Ukraine,23,Transcarpathia,Total,Com,CR/LFINF+CDL/HBET:3-5/COM,567,330926,1029250597,205850119,308775178,514625299,149484,86190,63294
UKR,Ukraine,23,Transcarpathia,Total,Com,MUR+CB/LWAL+CDN/H:1/COM,74,18019,31374425,6274885,9412328,15687213,11081,9102,1979
UKR,Ukraine,23,Transcarpathia,Total,Com,MUR+CB/LWAL+CDN/H:2/COM,17,6108,12308246,2461649,3692474,6154123,3758,3088,671
UKR,Ukraine,23,Transcarpathia,Total,Com,MUR+CB/LWAL+CDN/HBET:3-5/COM,66,38261,96279279,19255856,28883784,48139640,23593,19390,4203
UKR,Ukraine,23,Transcarpathia,Total,Com,MUR+CL/LWAL+CDN/H:1/COM,332,80343,139894188,27978837,41968256,69947095,42522,33748,8774
UKR,Ukraine,23,Transcarpathia,Total,Com,MUR+CL/LWAL+CDN/H:2/COM,77,27234,54880794,10976159,16464238,27440397,14424,11450,2974
UKR,Ukraine,23,Transcarpathia,Total,Com,MUR+CL/LWAL+CDN/HBET:3-5/COM,156,90802,228217325,45643465,68465198,114108662,48194,38274,9920
UKR,Ukraine,23,Transcarpathia,Total,Com,MUR+STRUB/LWAL+CDN/H:1/COM,3122,754759,1313959450,262791888,394187837,656979724,399459,317034,82426
UKR,Ukraine,23,Transcarpathia,Total,Com,MUR+STRUB/LWAL+CDN/H:2/COM,911,297792,624117685,124823538,187235308,312058842,157719,125195,32524
UKR,Ukraine,23,Transcarpathia,Total,Com,MUR+STRUB/LWAL+CDN/HBET:3-5/COM,1251,731601,1834504517,366900902,550351354,917252256,388299,308375,79924
UKR,Ukraine,23,Transcarpathia,Total,Com,W/LFM+CDL/H:1/COM,13,3258,6249846,1249969,1874954,3124923,621,217,404
UKR,Ukraine,23,Transcarpathia,Total,Com,W/LFM+CDL/H:2/COM,2,844,1658859,331772,497658,829430,161,56,105
UKR,Ukraine,24,Vinnytsya,Total,Com,CR/LFINF+CDL/H:1/COM,1436,361161,764804430,152960886,229441329,382402215,162528,93560,68968
UKR,Ukraine,24,Vinnytsya,Total,Com,CR/LFINF+CDL/H:2/COM,252,101562,236951850,47390370,71085555,118475925,45748,26346,19402
UKR,Ukraine,24,Vinnytsya,Total,Com,CR/LFINF+CDL/HBET:3-5/COM,375,218063,682047364,136409473,204614209,341023682,98502,56795,41708
UKR,Ukraine,24,Vinnytsya,Total,Com,MUR+CB/LWAL+CDN/H:1/COM,103,25539,44087966,8817593,13226389,22043983,15705,12901,2805
UKR,Ukraine,24,Vinnytsya,Total,Com,MUR+CB/LWAL+CDN/H:2/COM,18,7079,13369797,2673959,4010939,6684898,4356,3579,777
UKR,Ukraine,24,Vinnytsya,Total,Com,MUR+CB/LWAL+CDN/HBET:3-5/COM,43,25182,63739740,12747948,19121922,31869870,15528,12762,2766
UKR,Ukraine,24,Vinnytsya,Total,Com,MUR+CL/LWAL+CDN/H:1/COM,460,113876,196581990,39316398,58974597,98290995,60269,47833,12436
UKR,Ukraine,24,Vinnytsya,Total,Com,MUR+CL/LWAL+CDN/H:2/COM,78,31564,59614004,11922801,17884201,29807002,16717,13270,3447
UKR,Ukraine,24,Vinnytsya,Total,Com,MUR+CL/LWAL+CDN/HBET:3-5/COM,102,59608,150770193,30154038,45231058,75385096,31637,25125,6512
UKR,Ukraine,24,Vinnytsya,Total,Com,MUR+STRUB/LWAL+CDN/H:1/COM,4325,1070039,1847034394,369406879,554110318,923517197,566322,449466,116857
UKR,Ukraine,24,Vinnytsya,Total,Com,MUR+STRUB/LWAL+CDN/H:2/COM,857,323573,631244720,126248944,189373416,315622360,171373,136034,35340
UKR,Ukraine,24,Vinnytsya,Total,Com,MUR+STRUB/LWAL+CDN/HBET:3-5/COM,820,477894,1207086846,241417369,362126054,603543423,253643,201436,52207
UKR,Ukraine,24,Vinnytsya,Total,Com,W/LFM+CDL/H:1/COM,19,4693,8991541,1798308,2697462,4495770,894,312,582
UKR,Ukraine,24,Vinnytsya,Total,Com,W/LFM+CDL/H:2/COM,2,1088,2099312,419862,629794,1049656,207,72,135
UKR,Ukraine,25,Volyn,Total,Com,CR/LFINF+CDL/H:1/COM,966,242524,513673226,102734645,154101968,256836613,109140,62827,46313
UKR,Ukraine,25,Volyn,Total,Com,CR/LFINF+CDL/H:2/COM,170,68403,159700521,31940104,47910156,79850261,30811,17744,13068
UKR,Ukraine,25,Volyn,Total,Com,CR/LFINF+CDL/HBET:3-5/COM,257,149905,467235654,93447131,140170696,233617827,67714,39043,28671
UKR,Ukraine,25,Volyn,Total,Com,MUR+CB/LWAL+CDN/H:1/COM,70,17152,29615017,5923003,8884505,14807509,10547,8664,1883
UKR,Ukraine,25,Volyn,Total,Com,MUR+CB/LWAL+CDN/H:2/COM,12,4768,9010973,1802194,2703292,4505487,2934,2410,524
UKR,Ukraine,25,Volyn,Total,Com,MUR+CB/LWAL+CDN/HBET:3-5/COM,30,17324,43690787,8738157,13107236,21845394,10683,8780,1903
UKR,Ukraine,25,Volyn,Total,Com,MUR+CL/LWAL+CDN/H:1/COM,310,76476,132049070,26409814,39614721,66024535,40475,32123,8352
UKR,Ukraine,25,Volyn,Total,Com,MUR+CL/LWAL+CDN/H:2/COM,53,21259,40178516,8035703,12053555,20089258,11259,8937,2322
UKR,Ukraine,25,Volyn,Total,Com,MUR+CL/LWAL+CDN/HBET:3-5/COM,70,41074,103480392,20696079,31044118,51740196,21800,17313,4487
UKR,Ukraine,25,Volyn,Total,Com,MUR+STRUB/LWAL+CDN/H:1/COM,2908,718598,1240679842,248135968,372203953,620339921,380321,301844,78477
UKR,Ukraine,25,Volyn,Total,Com,MUR+STRUB/LWAL+CDN/H:2/COM,579,217994,425575523,85115104,127672657,212787762,115456,91647,23809
UKR,Ukraine,25,Volyn,Total,Com,MUR+STRUB/LWAL+CDN/HBET:3-5/COM,566,330310,830546528,166109306,249163959,415273263,175313,139228,36085
UKR,Ukraine,25,Volyn,Total,Com,W/LFM+CDL/H:1/COM,13,3151,6039098,1207819,1811729,3019549,600,210,391
UKR,Ukraine,25,Volyn,Total,Com,W/LFM+CDL/H:2/COM,2,745,1443875,288775,433162,721937,142,50,92
UKR,Ukraine,26,Zaporizhzhya,Total,Com,CR/LFINF+CDL/H:1/COM,1750,439448,930913225,186182645,279273967,465456612,197758,113840,83918
UKR,Ukraine,26,Zaporizhzhya,Total,Com,CR/LFINF+CDL/H:2/COM,337,130659,310450129,62090025,93135039,155225065,58854,33893,24961
UKR,Ukraine,26,Zaporizhzhya,Total,Com,CR/LFINF+CDL/HBET:3-5/COM,585,340921,1062395663,212479132,318718699,531197832,153999,88793,65206
UKR,Ukraine,26,Zaporizhzhya,Total,Com,MUR+CB/LWAL+CDN/H:1/COM,127,31192,53960736,10792148,16188221,26980368,19181,15756,3425
UKR,Ukraine,26,Zaporizhzhya,Total,Com,MUR+CB/LWAL+CDN/H:2/COM,24,9107,17516836,3503367,5255051,8758418,5604,4604,1000
UKR,Ukraine,26,Zaporizhzhya,Total,Com,MUR+CB/LWAL+CDN/HBET:3-5/COM,67,39400,99346792,19869358,29804038,49673396,24296,19968,4328
UKR,Ukraine,26,Zaporizhzhya,Total,Com,MUR+CL/LWAL+CDN/H:1/COM,566,139080,240603262,48120653,72180978,120301631,73609,58420,15189
UKR,Ukraine,26,Zaporizhzhya,Total,Com,MUR+CL/LWAL+CDN/H:2/COM,104,40606,78105375,15621075,23431612,39052687,21506,17071,4435
UKR,Ukraine,26,Zaporizhzhya,Total,Com,MUR+CL/LWAL+CDN/HBET:3-5/COM,160,93423,235318028,47063605,70595408,117659014,49584,39378,10206
UKR,Ukraine,26,Zaporizhzhya,Total,Com,MUR+STRUB/LWAL+CDN/H:1/COM,5314,1306787,2260446413,452089282,678133925,1130223206,691622,548911,142712
UKR,Ukraine,26,Zaporizhzhya,Total,Com,MUR+STRUB/LWAL+CDN/H:2/COM,1173,423820,844468042,168893608,253340412,422234021,224467,178179,46288
UKR,Ukraine,26,Zaporizhzhya,Total,Com,MUR+STRUB/LWAL+CDN/HBET:3-5/COM,1287,751436,1888960256,377792051,566688076,944480128,398826,316736,82090
UKR,Ukraine,26,Zaporizhzhya,Total,Com,W/LFM+CDL/H:1/COM,23,5710,10944431,2188886,3283329,5472216,1088,380,708
UKR,Ukraine,26,Zaporizhzhya,Total,Com,W/LFM+CDL/H:2/COM,3,1374,2668415,533683,800524,1334207,262,91,170
UKR,Ukraine,27,Zhytomyr,Total,Com,CR/LFINF+CDL/H:1/COM,1374,345213,731107929,146221586,219332379,365553964,155351,89429,65923
UKR,Ukraine,27,Zhytomyr,Total,Com,CR/LFINF+CDL/H:2/COM,257,100937,238610477,47722095,71583143,119305238,45466,26183,19283
UKR,Ukraine,27,Zhytomyr,Total,Com,CR/LFINF+CDL/HBET:3-5/COM,427,248115,775667932,155133586,232700380,387833966,112077,64622,47455
UKR,Ukraine,27,Zhytomyr,Total,Com,MUR+CB/LWAL+CDN/H:1/COM,100,24477,42313031,8462606,12693909,21156515,15052,12364,2688
UKR,Ukraine,27,Zhytomyr,Total,Com,MUR+CB/LWAL+CDN/H:2/COM,18,7035,13463387,2692678,4039016,6731694,4329,3557,773
UKR,Ukraine,27,Zhytomyr,Total,Com,MUR+CB/LWAL+CDN/HBET:3-5/COM,49,28655,72494754,14498951,21748426,36247377,17670,14522,3148
UKR,Ukraine,27,Zhytomyr,Total,Com,MUR+CL/LWAL+CDN/H:1/COM,443,109140,188667769,37733554,56600331,94333884,57763,45844,11919
UKR,Ukraine,27,Zhytomyr,Total,Com,MUR+CL/LWAL+CDN/H:2/COM,80,31369,60031348,12006270,18009405,30015674,16614,13188,3426
UKR,Ukraine,27,Zhytomyr,Total,Com,MUR+CL/LWAL+CDN/HBET:3-5/COM,116,67846,171510472,34302094,51453142,85755236,36009,28597,7412
UKR,Ukraine,27,Zhytomyr,Total,Com,MUR+STRUB/LWAL+CDN/H:1/COM,4160,1025503,1772581177,354516235,531774354,886290588,542751,430758,111993
UKR,Ukraine,27,Zhytomyr,Total,Com,MUR+STRUB/LWAL+CDN/H:2/COM,891,325870,645587257,129117451,193676177,322793629,172590,136999,35591
UKR,Ukraine,27,Zhytomyr,Total,Com,MUR+STRUB/LWAL+CDN/HBET:3-5/COM,934,544166,1373613200,274722640,412083960,686806600,288817,229370,59447
UKR,Ukraine,27,Zhytomyr,Total,Com,W/LFM+CDL/H:1/COM,18,4486,8595402,1719080,2578621,4297701,855,298,556
UKR,Ukraine,27,Zhytomyr,Total,Com,W/LFM+CDL/H:2/COM,2,1051,2033029,406606,609909,1016514,200,70,130
